time,ERROR,INFO,WARN
['1731569356.5754383'],['45'],['0'],['45']
['1731569362.6335309'],['45'],['0'],['45']
['1731569367.7532303'],['45'],['0'],['45']
