,time,ERROR,INFO,WARN
0,1731504441.585709,45,0,45
,time,ERROR,INFO,WARN
0,1731504451.4214444,45,0,45
,time,ERROR,INFO,WARN
0,1731504458.2460184,45,0,45
,time,ERROR,INFO,WARN
0,1731504467.4328816,45,0,45
